{
  "datasets": {
    "adult": {
      "dataset_path": "/Users/joyungyeong/Development/fairness-ga/data/adult.csv",
      "sensitive_attr": "sex",
      "model_accuracy": {
        "train": 0.9998245049577349,
        "test": 0.8571623558315703
      },
      "metrics": {
        "individual_count": {
          "ga": [
            2544.0,
            4406.0,
            4550.0
          ],
          "rs": [
            0.0,
            1.0,
            0.0
          ]
        },
        "individual_mean": {
          "ga": [
            0.1837620000000001,
            0.200196,
            0.22681400000000004
          ],
          "rs": [
            0.03963,
            0.03901,
            0.039054
          ]
        },
        "demographic_parity": {
          "ga": [
            0.02930477592338887,
            0.004372574524579953,
            0.03938461538461546
          ],
          "rs": [
            0.010126440505762058,
            0.014195634082325048,
            0.004254482366778611
          ]
        },
        "equalized_odds": {
          "ga": [
            0.5,
            0.0,
            0.2
          ],
          "rs": [
            0.13627463777574728,
            0.07976190476190476,
            0.08901233487883825
          ]
        }
      },
      "sensitivity": []
    }
  },
  "config": {
    "trials": 3,
    "budget": 5000,
    "ga_population": 50,
    "ga_mutation": 0.1
  }
}