{
  "datasets": {
    "german": {
      "dataset_path": "C:\\Users\\febru\\Dev\\fairness-ga\\data\\german_credit.csv",
      "sensitive_attr": "sex",
      "model_accuracy": {
        "train": 1.0,
        "test": 0.7433333333333333
      },
      "real_test_fairness": {
        "demographic_parity": 0.05759803921568629,
        "equalized_odds": 0.055821371610845216
      },
      "metrics": {
        "individual_count": {
          "ga": [
            0.0,
            0.0
          ],
          "rs": [
            0.0,
            0.0
          ]
        },
        "individual_mean": {
          "ga": [
            0.0388,
            0.033549999999999996
          ],
          "rs": [
            0.029750000000000002,
            0.02995
          ]
        },
        "demographic_parity": {
          "ga": [
            0.06087662337662336,
            0.014778325123152691
          ],
          "rs": [
            0.032581453634085156,
            0.15544871794871795
          ]
        },
        "equalized_odds": {
          "ga": [
            0.27652173913043476,
            0.2692307692307692
          ],
          "rs": [
            0.18233618233618232,
            0.25245098039215685
          ]
        }
      },
      "sensitivity": []
    },
    "compas": {
      "dataset_path": "C:\\Users\\febru\\Dev\\fairness-ga\\data\\compas.csv",
      "sensitive_attr": "race",
      "model_accuracy": {
        "train": 0.8272925331748862,
        "test": 0.6387990762124711
      },
      "real_test_fairness": {
        "demographic_parity": 0.24477217020316494,
        "equalized_odds": 0.2934617508975421
      },
      "metrics": {
        "individual_count": {
          "ga": [
            2.0,
            1.0
          ],
          "rs": [
            2.0,
            0.0
          ]
        },
        "individual_mean": {
          "ga": [
            0.07197324675324675,
            0.07488426587301587
          ],
          "rs": [
            0.05023502705627706,
            0.04841559523809524
          ]
        },
        "demographic_parity": {
          "ga": [
            0.013209104847269781,
            0.03956043956043964
          ],
          "rs": [
            0.006532006833484094,
            0.020602060206020623
          ]
        },
        "equalized_odds": {
          "ga": [
            0.0259245139153641,
            1.0
          ],
          "rs": [
            0.5,
            0.2
          ]
        }
      },
      "sensitivity": []
    },
    "adult": {
      "dataset_path": "C:\\Users\\febru\\Dev\\fairness-ga\\data\\adult.csv",
      "sensitive_attr": "sex",
      "model_accuracy": {
        "train": 0.9998245049577349,
        "test": 0.8571623558315703
      },
      "real_test_fairness": {
        "demographic_parity": 0.18055389139251427,
        "equalized_odds": 0.08556172300115183
      },
      "metrics": {
        "individual_count": {
          "ga": [
            0.0,
            0.0
          ],
          "rs": [
            0.0,
            0.0
          ]
        },
        "individual_mean": {
          "ga": [
            0.06570000000000001,
            0.062349999999999996
          ],
          "rs": [
            0.04075,
            0.0394
          ]
        },
        "demographic_parity": {
          "ga": [
            0.07252747252747249,
            0.00303030303030305
          ],
          "rs": [
            0.044070512820512775,
            0.027375201288244777
          ]
        },
        "equalized_odds": {
          "ga": [
            0.18910256410256412,
            0.3
          ],
          "rs": [
            0.25,
            0.1111111111111111
          ]
        }
      },
      "sensitivity": []
    }
  },
  "config": {
    "trials": 2,
    "budget": 200,
    "ga_population": 50,
    "ga_mutation": 0.1
  }
}