{
  "datasets": {
    "adult": {
      "dataset_path": "C:\\Users\\febru\\Dev\\fairness-ga-advanced\\data\\adult.csv",
      "sensitive_attr": "sex",
      "metrics": {
        "individual_count": {
          "ga": [
            0.0,
            491.0,
            527.0
          ],
          "rs": [
            0.0,
            1.0,
            0.0
          ]
        },
        "individual_mean": {
          "ga": [
            0.15465000000000004,
            0.16714999999999997,
            0.16853999999999997
          ],
          "rs": [
            0.04316000000000001,
            0.0426,
            0.04143000000000001
          ]
        },
        "demographic_parity": {
          "ga": [
            0.003219687515599312,
            0.004357298474945481,
            0.03517275664926678
          ],
          "rs": [
            0.0073522646815284975,
            0.015665075484456947,
            0.00460016560596177
          ]
        },
        "equalized_odds": {
          "ga": [
            0.125,
            0.5714285714285714,
            0.6829268292682927
          ],
          "rs": [
            0.05131964809384164,
            0.125,
            0.07692307692307693
          ]
        }
      },
      "sensitivity": []
    },
    "compas": {
      "dataset_path": "C:\\Users\\febru\\Dev\\fairness-ga-advanced\\data\\compas.csv",
      "sensitive_attr": "race",
      "metrics": {
        "individual_count": {
          "ga": [
            639.0,
            752.0,
            782.0
          ],
          "rs": [
            4.0,
            4.0,
            8.0
          ]
        },
        "individual_mean": {
          "ga": [
            0.34199218040293033,
            0.3132250000000001,
            0.30200069264069257
          ],
          "rs": [
            0.05292846672771673,
            0.05317337937062936,
            0.05168550901875902
          ]
        },
        "demographic_parity": {
          "ga": [
            0.6343052953515557,
            0.709152334152334,
            0.600896860986547
          ],
          "rs": [
            0.01182527101247377,
            0.015680250884014146,
            0.016288679607918466
          ]
        },
        "equalized_odds": {
          "ga": [
            0.9938461538461538,
            0.7159090909090908,
            0.600896860986547
          ],
          "rs": [
            0.19607843137254904,
            0.358974358974359,
            0.253968253968254
          ]
        }
      },
      "sensitivity": []
    },
    "german": {
      "dataset_path": "C:\\Users\\febru\\Dev\\fairness-ga-advanced\\data\\german_credit.csv",
      "sensitive_attr": "sex",
      "metrics": {
        "individual_count": {
          "ga": [
            0.0,
            0.0,
            0.0
          ],
          "rs": [
            0.0,
            0.0,
            0.0
          ]
        },
        "individual_mean": {
          "ga": [
            0.08315,
            0.09582000000000002,
            0.09681000000000002
          ],
          "rs": [
            0.027179999999999996,
            0.02666,
            0.02647
          ]
        },
        "demographic_parity": {
          "ga": [
            0.15511650252221956,
            0.0786492583881343,
            0.44604199269692224
          ],
          "rs": [
            0.07884431537726155,
            0.013295198266296548,
            0.02601309856731926
          ]
        },
        "equalized_odds": {
          "ga": [
            0.3992932862190812,
            0.6440677966101694,
            0.8527777777777777
          ],
          "rs": [
            0.22343594836146974,
            0.143628912071535,
            0.07792207792207792
          ]
        }
      },
      "sensitivity": []
    }
  },
  "config": {
    "trials": 3,
    "budget": 1000,
    "ga_population": 50,
    "ga_mutation": 0.1
  }
}