{
  "datasets": {
    "adult": {
      "dataset_path": "/mnt/c/Users/febru/Dev/fairness-ga/data/adult.csv",
      "sensitive_attr": "sex",
      "model_accuracy": {
        "train": 0.9998245049577349,
        "test": 0.8571623558315703
      },
      "real_test_fairness": {
        "demographic_parity": 0.18055389139251427,
        "equalized_odds": 0.08556172300115183
      },
      "metrics": {
        "individual_count": {
          "ga": [
            93.0,
            0.0
          ],
          "rs": [
            0.0,
            0.0
          ]
        },
        "individual_mean": {
          "ga": [
            0.13808,
            0.10887999999999999
          ],
          "rs": [
            0.0407,
            0.04068
          ]
        },
        "demographic_parity": {
          "ga": [
            0.2451923076923077,
            0.07304174502901417
          ],
          "rs": [
            0.031231981549106336,
            0.02514593623709027
          ]
        },
        "equalized_odds": {
          "ga": [
            0.26388888888888884,
            0.6666666666666666
          ],
          "rs": [
            0.1,
            0.029761904761904767
          ]
        }
      },
      "sensitivity": []
    }
  },
  "config": {
    "trials": 2,
    "budget": 500,
    "ga_population": 50,
    "ga_mutation": 0.1
  }
}