{
  "datasets": {
    "german": {
      "dataset_path": "/Users/joyungyeong/Development/fairness-ga_20.03/data/german_credit.csv",
      "sensitive_attr": "sex",
      "model_accuracy": {
        "train": 1.0,
        "test": 0.7433333333333333
      },
      "real_test_fairness": {
        "demographic_parity": 0.05759803921568629,
        "equalized_odds": 0.055821371610845216
      },
      "metrics": {
        "individual_count": {
          "ga": [
            0.0,
            0.0,
            0.0,
            44817.0,
            0.0,
            0.0,
            0.0,
            0.0,
            0.0,
            0.0,
            0.0,
            0.0,
            0.0,
            0.0,
            0.0,
            0.0,
            0.0,
            0.0,
            0.0,
            0.0,
            0.0,
            5934.0,
            0.0,
            0.0,
            0.0,
            0.0,
            46774.0,
            0.0,
            0.0,
            42293.0
          ],
          "rs": [
            0.0,
            0.0,
            0.0,
            0.0,
            0.0,
            0.0,
            0.0,
            0.0,
            0.0,
            0.0,
            0.0,
            0.0,
            0.0,
            0.0,
            0.0,
            0.0,
            0.0,
            0.0,
            0.0,
            0.0,
            0.0,
            0.0,
            0.0,
            0.0,
            0.0,
            0.0,
            0.0,
            0.0,
            0.0,
            0.0
          ]
        },
        "individual_mean": {
          "ga": [
            0.18601959999999995,
            0.15796940000000007,
            0.1382788000000001,
            0.19532580000000013,
            0.14816760000000012,
            0.186007,
            0.17610160000000008,
            0.16627560000000002,
            0.1468126000000001,
            0.15769160000000007,
            0.1481232000000001,
            0.1506558,
            0.1760508000000001,
            0.1525698,
            0.15773020000000007,
            0.1394194000000001,
            0.146395,
            0.16769660000000003,
            0.15709840000000008,
            0.15789920000000007,
            0.1792762000000001,
            0.18531040000000001,
            0.18579860000000004,
            0.15173140000000004,
            0.16727140000000004,
            0.15197580000000002,
            0.1979764000000001,
            0.1774744000000001,
            0.1382040000000001,
            0.19619460000000014
          ],
          "rs": [
            0.0271112,
            0.0273062,
            0.027062600000000003,
            0.027192800000000003,
            0.027402799999999998,
            0.027278,
            0.027127799999999997,
            0.027492,
            0.027292600000000004,
            0.027198999999999997,
            0.027450600000000006,
            0.027358,
            0.0273752,
            0.027312600000000003,
            0.027287199999999998,
            0.027048199999999998,
            0.0273808,
            0.02723,
            0.027347399999999997,
            0.0272928,
            0.027271399999999998,
            0.0272242,
            0.0273442,
            0.027147799999999996,
            0.0271758,
            0.027222600000000003,
            0.0270766,
            0.027341599999999997,
            0.027319800000000005,
            0.027372600000000004
          ]
        },
        "demographic_parity": {
          "ga": [
            0.9867792625046157,
            0.0034713313741597807,
            0.9841559086049685,
            0.005211186829854775,
            0.9696197759867352,
            0.9318027348693161,
            0.8082670390517164,
            0.0003653980966649151,
            0.9756132060797842,
            0.10260742504013887,
            0.9634041112022839,
            0.013192170519185864,
            0.8959090977119569,
            0.0031457166531616565,
            0.9830629709612447,
            0.9726865185346194,
            0.20838346343329917,
            0.0005039504811630291,
            0.0022060365958764816,
            0.025146388998185887,
            0.0028961778930380877,
            0.9438127187277245,
            0.942360921611552,
            0.8837059633755809,
            0.034134394839462456,
            0.012233890257586588,
            0.008915671783444878,
            0.012941122534714689,
            0.9641533890887507,
            0.9676258905904086
          ],
          "rs": [
            0.04740050880187374,
            0.05098207501297225,
            0.04678913118992778,
            0.045385780281997135,
            0.050680067001675044,
            0.04979491212673437,
            0.04427772699889132,
            0.04719093081660031,
            0.045985638811278706,
            0.04754564048359977,
            0.049174647415778705,
            0.04158597668156394,
            0.0501483436764808,
            0.0519546669463381,
            0.04207039054864736,
            0.049796858874799566,
            0.04496433434749536,
            0.04809501775824787,
            0.04755369615240712,
            0.04663551970677504,
            0.054156372933204966,
            0.05093770984616253,
            0.04380086259854876,
            0.04314189789502465,
            0.054341657007944355,
            0.044778430488740195,
            0.04779072492261194,
            0.053628995306438276,
            0.0466505951768571,
            0.05326510263358397
          ]
        },
        "equalized_odds": {
          "ga": [
            0.9833260880065691,
            0.2641509433962264,
            0.9914590747330961,
            0.6303387334315169,
            0.9804108786331976,
            0.9483830653464658,
            0.9441642997029946,
            0.704153605015674,
            0.9884057971014493,
            0.9441823899371069,
            0.9710511269457158,
            0.21428571428571427,
            0.9653750943891789,
            0.6635472370766489,
            0.997934263679765,
            0.9862344139650873,
            0.9571426546464818,
            0.8478260869565217,
            0.5090909090909091,
            0.860655737704918,
            0.4121779859484777,
            0.9798348682121308,
            0.9815090690502326,
            0.9961269601360287,
            0.8327149041434756,
            0.8075998075998077,
            0.7649753347427766,
            0.704,
            0.9884052878914313,
            0.9946784248137449
          ],
          "rs": [
            0.16658563177496133,
            0.16914290351944555,
            0.16929878675714577,
            0.17718706050266536,
            0.16779993777372745,
            0.17346642569067922,
            0.16632973875442425,
            0.16672780199351922,
            0.16179217351158215,
            0.1635820818414921,
            0.18447307584980166,
            0.15667472235522695,
            0.1708101349927826,
            0.15836488469300333,
            0.1545724559936757,
            0.15760473459511964,
            0.16420403523389054,
            0.1647609904744065,
            0.1664897688771545,
            0.1677647160796918,
            0.1704186044444642,
            0.16639468439802974,
            0.1675443699891334,
            0.1573822153133549,
            0.17291121661173925,
            0.16792701953530187,
            0.15740476297675632,
            0.17043299993440486,
            0.15865252029512986,
            0.1754406987237055
          ]
        }
      },
      "sensitivity": []
    }
  },
  "config": {
    "trials": 30,
    "budget": 50000,
    "ga_population": 50,
    "ga_mutation": 0.1
  }
}